bench,config,seed,W,H,cw,place_time_s,sys_place_core_s,sys_sta_s,route_wall_s,routed_ok,wl,cpd_ns,fmax_mhz,error
arm_core,full,0,35,35,148,0.0241,0.0137,0.007,4.671473503112793,True,192216,18.1861,54.9871,
arm_core,full,1,35,35,148,0.023,0.0125,0.0069,3.669753313064575,True,176498,18.1271,55.166,
arm_core,full,2,35,35,148,0.0231,0.0125,0.0073,3.469702959060669,True,176846,18.2651,54.7491,
arm_core,full,3,35,35,148,0.0233,0.0129,0.007,3.720261573791504,True,181385,17.6909,56.5261,
arm_core,full,4,35,35,148,0.0243,0.0139,0.0072,3.4697041511535645,True,178491,18.1554,55.0799,
arm_core,full,5,35,35,148,0.0238,0.0131,0.0073,3.720020055770874,True,187435,18.1123,55.211,
arm_core,full,6,35,35,148,0.0229,0.0126,0.0069,3.719890594482422,True,190698,18.1185,55.1921,
arm_core,full,7,35,35,148,0.0234,0.0127,0.0071,3.6201677322387695,True,182230,17.7349,56.3861,
arm_core,full,8,35,35,148,0.0228,0.0124,0.0071,3.77024507522583,True,185313,17.7499,56.3384,
arm_core,full,9,35,35,148,0.0237,0.0132,0.0071,3.7201554775238037,True,184152,18.6379,53.6541,
arm_core,vtr,0,35,35,148,5.64,,,3.420156478881836,True,163662,19.0445,52.5085,
arm_core,vtr,1,35,35,148,5.61,,,3.2691571712493896,True,165277,18.6939,53.4935,
arm_core,vtr,2,35,35,148,5.61,,,3.4198827743530273,True,165844,18.7949,53.206,
arm_core,vtr,3,35,35,148,5.75,,,3.3697469234466553,True,165259,19.6597,50.8655,
arm_core,vtr,4,35,35,148,5.75,,,3.269881010055542,True,164737,19.9418,50.1459,
arm_core,vtr,5,35,35,148,5.61,,,3.36940598487854,True,167268,19.2243,52.0175,
arm_core,vtr,6,35,35,148,5.6,,,3.4196529388427734,True,172438,19.0772,52.4187,
arm_core,vtr,7,35,35,148,5.82,,,3.5700204372406006,True,173076,18.68,53.5332,
arm_core,vtr,8,35,35,148,5.7,,,3.470109462738037,True,172735,19.3875,51.5796,
arm_core,vtr,9,35,35,148,5.65,,,3.419506549835205,True,166048,19.2509,51.9457,
bgm,full,0,35,35,64,0.0088,0.0064,0.0019,1.2157421112060547,True,31261,8.61896,116.023,
bgm,full,1,35,35,64,0.0083,0.0058,0.0019,1.0152556896209717,True,32160,8.79045,113.76,
bgm,full,2,35,35,64,0.0075,0.0052,0.0018,1.0152466297149658,True,32569,8.83572,113.177,
bgm,full,3,35,35,64,0.009,0.0066,0.0019,1.0157279968261719,True,31149,8.64385,115.689,
bgm,full,4,35,35,64,0.0095,0.0071,0.0018,1.0155742168426514,True,31485,8.49836,117.67,
bgm,full,5,35,35,64,0.0096,0.0073,0.0019,1.0153429508209229,True,30675,8.78381,113.846,
bgm,full,6,35,35,64,0.0084,0.006,0.0018,1.0152826309204102,True,30835,8.93705,111.894,
bgm,full,7,35,35,64,0.0093,0.0071,0.0017,1.0153827667236328,True,30830,8.43963,118.489,
bgm,full,8,35,35,64,0.0092,0.0067,0.0019,1.0152111053466797,True,30885,8.41807,118.792,
bgm,full,9,35,35,64,0.0098,0.0074,0.0019,1.015429973602295,True,32015,8.49504,117.716,
bgm,vtr,0,35,35,64,1.74,,,1.065567970275879,True,30703,8.79709,113.674,
bgm,vtr,1,35,35,64,1.65,,,1.015620231628418,True,29706,8.80033,113.632,
bgm,vtr,2,35,35,64,1.69,,,1.0655312538146973,True,30670,8.69089,115.063,
bgm,vtr,3,35,35,64,1.72,,,1.0155189037322998,True,30341,8.77606,113.946,
bgm,vtr,4,35,35,64,1.71,,,1.0157771110534668,True,30279,8.635,115.808,
bgm,vtr,5,35,35,64,1.64,,,1.0156466960906982,True,29978,8.77109,114.011,
bgm,vtr,6,35,35,64,1.66,,,1.0156426429748535,True,29725,8.53424,117.175,
bgm,vtr,7,35,35,64,1.56,,,1.0159287452697754,True,30723,8.79267,113.731,
bgm,vtr,8,35,35,64,1.67,,,1.0156610012054443,True,30250,8.79267,113.731,
bgm,vtr,9,35,35,64,1.68,,,1.0154447555541992,True,31272,8.7722,113.996,
blob_merge,full,0,35,35,92,0.0141,0.0104,0.0024,1.9666826725006104,True,65811,6.72613,148.674,
blob_merge,full,1,35,35,92,0.0137,0.0101,0.0023,1.7163934707641602,True,67810,5.98412,167.109,
blob_merge,full,2,35,35,92,0.0137,0.0103,0.0022,1.6665656566619873,True,66428,6.7051,149.14,
blob_merge,full,3,35,35,92,0.0145,0.0107,0.0025,1.7166531085968018,True,66950,6.29187,158.935,
blob_merge,full,4,35,35,92,0.0135,0.0099,0.0024,1.6664149761199951,True,66820,6.44289,155.21,
blob_merge,full,5,35,35,92,0.0144,0.0108,0.0023,1.666440486907959,True,68315,6.56182,152.397,
blob_merge,full,6,35,35,92,0.0138,0.01,0.0026,1.7167882919311523,True,66618,6.29809,158.778,
blob_merge,full,7,35,35,92,0.0134,0.0098,0.0023,1.716414451599121,True,66884,5.7608,173.587,
blob_merge,full,8,35,35,92,0.0141,0.0104,0.0024,1.7670249938964844,True,70999,6.56403,152.345,
blob_merge,full,9,35,35,92,0.0139,0.0102,0.0024,1.6668641567230225,True,65770,6.69624,149.338,
blob_merge,vtr,0,35,35,92,2.39,,,1.6666631698608398,True,65219,5.92712,168.716,
blob_merge,vtr,1,35,35,92,2.24,,,1.7168505191802979,True,65993,5.84862,170.981,
blob_merge,vtr,2,35,35,92,2.42,,,1.7166674137115479,True,65166,5.8093,172.138,
blob_merge,vtr,3,35,35,92,2.32,,,1.6669776439666748,True,64195,6.07105,164.716,
blob_merge,vtr,4,35,35,92,2.35,,,1.7168946266174316,True,65250,5.83034,171.517,
blob_merge,vtr,5,35,35,92,2.22,,,1.6666436195373535,True,63982,5.98744,167.016,
blob_merge,vtr,6,35,35,92,2.27,,,1.6663289070129395,True,64654,5.98412,167.109,
blob_merge,vtr,7,35,35,92,2.4,,,1.6668891906738281,True,64959,5.95068,168.048,
blob_merge,vtr,8,35,35,92,2.41,,,1.6665654182434082,True,64231,6.25407,159.896,
blob_merge,vtr,9,35,35,92,2.18,,,1.6664254665374756,True,65065,6.08323,164.386,
digit_recognition_update_knn1,full,0,35,35,76,0.0158,0.0107,0.0037,2.3178634643554688,True,74039,5.55501,180.018,
digit_recognition_update_knn1,full,1,35,35,76,0.0161,0.0111,0.0037,2.1676785945892334,True,76785,5.82386,171.708,
digit_recognition_update_knn1,full,2,35,35,76,0.0158,0.0106,0.0037,2.167569637298584,True,74975,5.79068,172.691,
digit_recognition_update_knn1,full,3,35,35,76,0.0158,0.0109,0.0035,2.0672547817230225,True,75576,5.99038,166.934,
digit_recognition_update_knn1,full,4,35,35,76,0.0165,0.0116,0.0035,2.068005323410034,True,73656,5.9597,167.794,
digit_recognition_update_knn1,full,5,35,35,76,0.016,0.011,0.0036,2.117203950881958,True,76964,5.96049,167.771,
digit_recognition_update_knn1,full,6,35,35,76,0.0156,0.0104,0.0038,2.167433261871338,True,77648,6.09159,164.161,
digit_recognition_update_knn1,full,7,35,35,76,0.0155,0.0107,0.0035,2.117494821548462,True,77001,5.93591,168.466,
digit_recognition_update_knn1,full,8,35,35,76,0.0156,0.0104,0.0037,2.1676101684570312,True,77000,5.68722,175.833,
digit_recognition_update_knn1,full,9,35,35,76,0.0158,0.0108,0.0035,2.1173911094665527,True,75754,5.98485,167.089,
digit_recognition_update_knn1,vtr,0,35,35,76,2.88,,,2.1676385402679443,True,71449,5.1984,192.367,
digit_recognition_update_knn1,vtr,1,35,35,76,2.73,,,2.1174838542938232,True,72934,5.26292,190.008,
digit_recognition_update_knn1,vtr,2,35,35,76,2.95,,,2.167846918106079,True,72653,5.59258,178.808,
digit_recognition_update_knn1,vtr,3,35,35,76,3.05,,,2.167642593383789,True,72695,5.34748,187.004,
digit_recognition_update_knn1,vtr,4,35,35,76,2.95,,,2.217658758163452,True,73008,5.34757,187.001,
digit_recognition_update_knn1,vtr,5,35,35,76,2.95,,,2.1179797649383545,True,73545,5.2596,190.128,
digit_recognition_update_knn1,vtr,6,35,35,76,2.66,,,2.117607593536377,True,72780,5.46848,182.866,
digit_recognition_update_knn1,vtr,7,35,35,76,3.11,,,2.167842388153076,True,72634,5.53177,180.774,
digit_recognition_update_knn1,vtr,8,35,35,76,2.72,,,2.1678175926208496,True,73024,5.19876,192.354,
digit_recognition_update_knn1,vtr,9,35,35,76,2.89,,,2.117762804031372,True,74096,5.34757,187.001,
digit_recognition_update_knn2,full,0,35,35,80,0.0148,0.0104,0.003,2.1179192066192627,True,70723,5.83295,171.44,
digit_recognition_update_knn2,full,1,35,35,80,0.0148,0.0105,0.0031,1.867537260055542,True,73306,6.40827,156.048,
digit_recognition_update_knn2,full,2,35,35,80,0.0152,0.0108,0.003,1.9670946598052979,True,70201,6.67158,149.89,
digit_recognition_update_knn2,full,3,35,35,80,0.0155,0.0111,0.0031,1.9168529510498047,True,71191,6.54712,152.739,
digit_recognition_update_knn2,full,4,35,35,80,0.0153,0.011,0.003,1.9675743579864502,True,72777,6.78054,147.481,
digit_recognition_update_knn2,full,5,35,35,80,0.0157,0.011,0.0034,1.9669911861419678,True,73986,5.68303,175.963,
digit_recognition_update_knn2,full,6,35,35,80,0.0148,0.0103,0.0032,1.9168126583099365,True,70875,6.50727,153.674,
digit_recognition_update_knn2,full,7,35,35,80,0.0149,0.0105,0.0031,1.867060661315918,True,70310,6.27606,159.336,
digit_recognition_update_knn2,full,8,35,35,80,0.0156,0.011,0.0033,1.866858959197998,True,70437,7.10695,140.707,
digit_recognition_update_knn2,full,9,35,35,80,0.0145,0.0099,0.0033,1.9669787883758545,True,71162,6.50063,153.831,
digit_recognition_update_knn2,vtr,0,35,35,80,2.54,,,1.8674416542053223,True,70395,5.35009,186.913,
digit_recognition_update_knn2,vtr,1,35,35,80,2.45,,,1.9671375751495361,True,71408,5.10771,195.783,
digit_recognition_update_knn2,vtr,2,35,35,80,2.53,,,1.868013620376587,True,70767,5.25873,190.16,
digit_recognition_update_knn2,vtr,3,35,35,80,2.49,,,1.917452335357666,True,71741,5.19464,192.506,
digit_recognition_update_knn2,vtr,4,35,35,80,2.35,,,1.9681506156921387,True,69563,5.04861,198.074,
digit_recognition_update_knn2,vtr,5,35,35,80,2.39,,,1.967848777770996,True,70102,5.04418,198.248,
digit_recognition_update_knn2,vtr,6,35,35,80,2.45,,,1.967341661453247,True,70956,5.11324,195.571,
digit_recognition_update_knn2,vtr,7,35,35,80,2.52,,,1.9676847457885742,True,71546,5.12431,195.148,
digit_recognition_update_knn2,vtr,8,35,35,80,2.49,,,1.9674453735351562,True,69674,5.20571,192.097,
digit_recognition_update_knn2,vtr,9,35,35,80,2.61,,,1.917330265045166,True,68753,5.17417,193.268,
mkSMAdapter4B,full,0,35,35,54,0.0081,0.0069,0.0009,0.815272331237793,True,18815,5.94419,168.231,
mkSMAdapter4B,full,1,35,35,54,0.0082,0.0069,0.001,0.6648540496826172,True,18501,5.94641,168.169,
mkSMAdapter4B,full,2,35,35,54,0.0082,0.007,0.0009,0.7149555683135986,True,18463,6.22521,160.637,
mkSMAdapter4B,full,3,35,35,54,0.0081,0.0069,0.0009,0.6647021770477295,True,18638,5.93932,168.369,
mkSMAdapter4B,full,4,35,35,54,0.008,0.0068,0.0009,0.6646592617034912,True,18727,5.94419,168.231,
mkSMAdapter4B,full,5,35,35,54,0.0079,0.0067,0.001,0.6646718978881836,True,18533,5.80092,172.387,
mkSMAdapter4B,full,6,35,35,54,0.0082,0.007,0.0009,0.664710521697998,True,18640,5.58257,179.129,
mkSMAdapter4B,full,7,35,35,54,0.0082,0.007,0.001,0.765106201171875,True,18845,6.08858,164.242,
mkSMAdapter4B,full,8,35,35,54,0.0067,0.0056,0.0009,0.6647436618804932,True,19005,5.72032,174.815,
mkSMAdapter4B,full,9,35,35,54,0.0081,0.0069,0.001,0.6647863388061523,True,18778,6.08636,164.302,
mkSMAdapter4B,vtr,0,35,35,54,1.38,,,0.7151930332183838,True,18045,6.08194,164.421,
mkSMAdapter4B,vtr,1,35,35,54,1.37,,,0.6649715900421143,True,18072,6.0037,166.564,
mkSMAdapter4B,vtr,2,35,35,54,1.42,,,0.7150020599365234,True,17898,5.95853,167.827,
mkSMAdapter4B,vtr,3,35,35,54,1.4,,,0.7149219512939453,True,17910,5.86042,170.636,
mkSMAdapter4B,vtr,4,35,35,54,1.45,,,0.6651120185852051,True,17614,6.00466,166.537,
mkSMAdapter4B,vtr,5,35,35,54,1.41,,,0.7651705741882324,True,18425,5.83209,171.465,
mkSMAdapter4B,vtr,6,35,35,54,1.45,,,0.7149379253387451,True,18001,5.87909,170.094,
mkSMAdapter4B,vtr,7,35,35,54,1.37,,,0.6648364067077637,True,17886,5.98311,167.137,
mkSMAdapter4B,vtr,8,35,35,54,1.39,,,0.6650040149688721,True,17902,6.14904,162.627,
mkSMAdapter4B,vtr,9,35,35,54,1.41,,,0.664865255355835,True,17938,6.0048,166.533,
or1200,full,0,35,35,86,0.0096,0.007,0.0019,1.4660890102386475,True,49817,14.5793,68.5905,
or1200,full,1,35,35,86,0.0088,0.0063,0.0019,1.1660056114196777,True,50274,14.4327,69.2872,
or1200,full,2,35,35,86,0.0094,0.0067,0.002,1.1160285472869873,True,50085,14.7026,68.015,
or1200,full,3,35,35,86,0.0091,0.0064,0.0021,1.115405559539795,True,49908,14.5749,68.6113,
or1200,full,4,35,35,86,0.0088,0.0062,0.002,1.165558099746704,True,50212,14.7048,68.0048,
or1200,full,5,35,35,86,0.0086,0.0061,0.0019,1.166294813156128,True,50142,14.8526,67.3285,
or1200,full,6,35,35,86,0.0083,0.0056,0.0021,1.1661388874053955,True,50398,14.8481,67.3486,
or1200,full,7,35,35,86,0.0088,0.0062,0.002,1.1153600215911865,True,49902,14.7181,67.9434,
or1200,full,8,35,35,86,0.009,0.0062,0.0021,1.1154141426086426,True,50029,14.7093,67.9843,
or1200,full,9,35,35,86,0.0091,0.0064,0.002,1.165513515472412,True,50141,14.8426,67.3737,
or1200,vtr,0,35,35,86,3.54,,,1.1655817031860352,True,48518,14.5826,68.5749,
or1200,vtr,1,35,35,86,3.46,,,1.1658942699432373,True,48919,15.0191,66.582,
or1200,vtr,2,35,35,86,3.53,,,1.1659233570098877,True,49003,14.4382,69.2606,
or1200,vtr,3,35,35,86,3.62,,,1.166205883026123,True,49470,14.5782,68.5957,
or1200,vtr,4,35,35,86,3.46,,,1.1657795906066895,True,48843,14.4316,69.2925,
or1200,vtr,5,35,35,86,3.47,,,1.1657159328460693,True,48532,14.7159,67.9536,
or1200,vtr,6,35,35,86,3.44,,,1.1659772396087646,True,49296,14.7093,67.9843,
or1200,vtr,7,35,35,86,3.28,,,1.1657500267028809,True,48369,15.0047,66.6458,
or1200,vtr,8,35,35,86,3.42,,,1.1658787727355957,True,49142,14.4515,69.197,
or1200,vtr,9,35,35,86,3.63,,,1.1656084060668945,True,48873,14.5594,68.6844,
raygentop,full,0,35,35,60,0.0044,0.003,0.001,0.9656009674072266,True,27508,5.61839,177.987,
raygentop,full,1,35,35,60,0.0019,0.0006,0.001,0.7649359703063965,True,33634,6.91728,144.565,
raygentop,full,2,35,35,60,0.0041,0.0027,0.0011,0.7652530670166016,True,27697,5.56299,179.759,
raygentop,full,3,35,35,60,0.005,0.0035,0.0013,0.7649085521697998,True,27338,5.20421,192.152,
raygentop,full,4,35,35,60,0.0054,0.0041,0.001,0.7651562690734863,True,26851,5.29193,188.967,
raygentop,full,5,35,35,60,0.0044,0.0031,0.001,0.8150990009307861,True,27474,5.27312,189.641,
raygentop,full,6,35,35,60,0.0059,0.0046,0.001,0.7648024559020996,True,27103,5.44239,183.743,
raygentop,full,7,35,35,60,0.0055,0.0042,0.001,0.764838695526123,True,26546,5.22674,191.324,
raygentop,full,8,35,35,60,0.0067,0.0054,0.001,0.7649121284484863,True,26791,5.40368,185.059,
raygentop,full,9,35,35,60,0.0038,0.0024,0.0011,0.7651810646057129,True,27716,5.67363,176.254,
raygentop,vtr,0,35,35,60,1.52,,,0.7651402950286865,True,25737,5.45125,183.444,
raygentop,vtr,1,35,35,60,1.47,,,0.8152525424957275,True,26128,5.48065,182.46,
raygentop,vtr,2,35,35,60,1.54,,,0.7650973796844482,True,25995,5.25495,190.297,
raygentop,vtr,3,35,35,60,1.55,,,0.8151788711547852,True,26153,5.29193,188.967,
raygentop,vtr,4,35,35,60,1.57,,,0.8152899742126465,True,26229,5.38219,185.798,
raygentop,vtr,5,35,35,60,1.59,,,0.8152449131011963,True,26549,5.26823,189.817,
raygentop,vtr,6,35,35,60,1.51,,,0.8153376579284668,True,26265,5.25708,190.22,
raygentop,vtr,7,35,35,60,1.6,,,0.8150997161865234,True,26119,5.11389,195.546,
raygentop,vtr,8,35,35,60,1.38,,,0.8156764507293701,True,26124,5.24712,190.581,
raygentop,vtr,9,35,35,60,1.49,,,0.8153841495513916,True,26632,5.38827,185.588,
rendering_rasterization2_m,full,0,35,35,76,0.0119,0.0089,0.0023,1.566666841506958,True,47143,6.40041,156.24,
rendering_rasterization2_m,full,1,35,35,76,0.0124,0.0095,0.0022,1.3661763668060303,True,45572,6.2663,159.584,
rendering_rasterization2_m,full,2,35,35,76,0.0127,0.0099,0.0022,1.366058588027954,True,45749,6.51879,153.403,
rendering_rasterization2_m,full,3,35,35,76,0.0129,0.0099,0.0023,1.3663523197174072,True,45886,6.3722,156.932,
rendering_rasterization2_m,full,4,35,35,76,0.0115,0.0087,0.0022,1.3662266731262207,True,46326,6.40041,156.24,
rendering_rasterization2_m,full,5,35,35,76,0.0126,0.0095,0.0024,1.315964937210083,True,44702,6.36666,157.068,
rendering_rasterization2_m,full,6,35,35,76,0.0128,0.0098,0.0024,1.3160452842712402,True,46923,6.52322,153.298,
rendering_rasterization2_m,full,7,35,35,76,0.0125,0.0095,0.0023,1.3665268421173096,True,46515,6.39243,156.435,
rendering_rasterization2_m,full,8,35,35,76,0.0124,0.0093,0.0024,1.3660972118377686,True,45342,6.3993,156.267,
rendering_rasterization2_m,full,9,35,35,76,0.0127,0.0097,0.0022,1.3658483028411865,True,46761,6.50662,153.69,
rendering_rasterization2_m,vtr,0,35,35,76,1.42,,,1.3661980628967285,True,45752,6.51769,153.429,
rendering_rasterization2_m,vtr,1,35,35,76,1.39,,,1.366044044494629,True,45143,6.39377,156.402,
rendering_rasterization2_m,vtr,2,35,35,76,1.42,,,1.3666303157806396,True,44871,6.25824,159.789,
rendering_rasterization2_m,vtr,3,35,35,76,1.42,,,1.366246223449707,True,46342,6.51105,153.585,
rendering_rasterization2_m,vtr,4,35,35,76,1.47,,,1.3159637451171875,True,45564,6.26156,159.705,
rendering_rasterization2_m,vtr,5,35,35,76,1.45,,,1.366654634475708,True,45741,6.39266,156.429,
rendering_rasterization2_m,vtr,6,35,35,76,1.47,,,1.3663129806518555,True,46963,6.2516,159.959,
rendering_rasterization2_m,vtr,7,35,35,76,1.4,,,1.36604642868042,True,44124,6.36334,157.15,
rendering_rasterization2_m,vtr,8,35,35,76,1.4,,,1.3661892414093018,True,46279,6.25713,159.818,
rendering_rasterization2_m,vtr,9,35,35,76,1.45,,,1.315894603729248,True,43987,6.39488,156.375,
rendering_zculling_bot,full,0,35,35,68,0.0094,0.0074,0.0016,1.2656688690185547,True,36607,5.64139,177.261,
rendering_zculling_bot,full,1,35,35,68,0.01,0.0079,0.0016,1.1156103610992432,True,35157,5.60954,178.268,
rendering_zculling_bot,full,2,35,35,68,0.0098,0.0077,0.0016,1.1155614852905273,True,36532,5.67471,176.22,
rendering_zculling_bot,full,3,35,35,68,0.0093,0.0073,0.0016,1.0655577182769775,True,35158,5.73346,174.415,
rendering_zculling_bot,full,4,35,35,68,0.0097,0.0076,0.0016,1.1155929565429688,True,37662,5.49425,182.008,
rendering_zculling_bot,full,5,35,35,68,0.0093,0.0074,0.0015,1.115638256072998,True,36344,5.75338,173.811,
rendering_zculling_bot,full,6,35,35,68,0.0097,0.0077,0.0015,1.115483045578003,True,35196,5.74739,173.992,
rendering_zculling_bot,full,7,35,35,68,0.0092,0.0072,0.0015,1.0653855800628662,True,35480,5.93127,168.598,
rendering_zculling_bot,full,8,35,35,68,0.0097,0.0076,0.0016,1.0655064582824707,True,35355,5.92573,168.756,
rendering_zculling_bot,full,9,35,35,68,0.0098,0.0077,0.0016,1.0654664039611816,True,35630,5.63585,177.435,
rendering_zculling_bot,vtr,0,35,35,68,1.03,,,1.1157383918762207,True,35434,5.75583,173.737,
rendering_zculling_bot,vtr,1,35,35,68,1.05,,,1.1156139373779297,True,35231,5.47401,182.681,
rendering_zculling_bot,vtr,2,35,35,68,1.0,,,1.115929365158081,True,34294,5.56308,179.757,
rendering_zculling_bot,vtr,3,35,35,68,0.94,,,1.1661932468414307,True,34562,5.79906,172.442,
rendering_zculling_bot,vtr,4,35,35,68,1.05,,,1.1660864353179932,True,35589,5.47397,182.683,
rendering_zculling_bot,vtr,5,35,35,68,1.04,,,1.0654795169830322,True,34686,5.59461,178.743,
rendering_zculling_bot,vtr,6,35,35,68,1.02,,,1.06545090675354,True,34232,5.59937,178.591,
rendering_zculling_bot,vtr,7,35,35,68,1.07,,,1.1157176494598389,True,34159,5.77803,173.069,
rendering_zculling_bot,vtr,8,35,35,68,1.02,,,1.1157689094543457,True,35767,5.61297,178.159,
rendering_zculling_bot,vtr,9,35,35,68,0.99,,,1.0659334659576416,True,34863,5.63531,177.452,
sha,full,0,35,35,54,0.0075,0.0058,0.0013,0.8650956153869629,True,15996,13.9245,71.8161,
sha,full,1,35,35,54,0.0076,0.006,0.0013,0.6646487712860107,True,15801,13.5709,73.6871,
sha,full,2,35,35,54,0.0066,0.005,0.0013,0.714775800704956,True,15949,14.0904,70.9702,
sha,full,3,35,35,54,0.0068,0.0053,0.0013,0.7151429653167725,True,16392,13.79,72.5161,
sha,full,4,35,35,54,0.0072,0.0056,0.0012,0.7148075103759766,True,16033,13.8364,72.273,
sha,full,5,35,35,54,0.0069,0.0053,0.0013,0.6647112369537354,True,16269,14.2099,70.3734,
sha,full,6,35,35,54,0.0071,0.0055,0.0013,0.715399980545044,True,15783,14.0473,71.1882,
sha,full,7,35,35,54,0.0071,0.0056,0.0012,0.7151963710784912,True,15915,14.1423,70.7097,
sha,full,8,35,35,54,0.0074,0.0058,0.0013,0.7152018547058105,True,16036,13.9234,71.8218,
sha,full,9,35,35,54,0.0075,0.0059,0.0013,0.7148282527923584,True,16325,13.7369,72.7965,
sha,vtr,0,35,35,54,0.54,,,0.714707612991333,True,15283,13.8458,72.2238,
sha,vtr,1,35,35,54,0.46,,,0.7148129940032959,True,15781,14.528,68.8326,
sha,vtr,2,35,35,54,0.52,,,0.7153820991516113,True,15632,14.0517,71.1658,
sha,vtr,3,35,35,54,0.49,,,0.6646993160247803,True,15304,13.7889,72.5219,
sha,vtr,4,35,35,54,0.48,,,0.7150580883026123,True,15644,14.5717,68.6262,
sha,vtr,5,35,35,54,0.53,,,0.7150182723999023,True,15533,13.8653,72.1226,
sha,vtr,6,35,35,54,0.55,,,0.7152118682861328,True,15390,14.2796,70.0299,
sha,vtr,7,35,35,54,0.51,,,0.6653788089752197,True,15065,14.424,69.3289,
sha,vtr,8,35,35,54,0.52,,,0.7149772644042969,True,15442,13.7303,72.8317,
sha,vtr,9,35,35,54,0.5,,,0.664900541305542,True,15106,13.9162,71.8588,
spam_filter_data_1_4_2,full,0,35,35,70,0.0111,0.0086,0.0019,1.4163038730621338,True,39721,5.61079,178.228,
spam_filter_data_1_4_2,full,1,35,35,70,0.0113,0.0089,0.0018,1.2661409378051758,True,39720,5.59586,178.704,
spam_filter_data_1_4_2,full,2,35,35,70,0.0121,0.0096,0.0019,1.215634822845459,True,39221,5.76457,173.473,
spam_filter_data_1_4_2,full,3,35,35,70,0.0109,0.0084,0.0019,1.2156901359558105,True,40379,5.81248,172.044,
spam_filter_data_1_4_2,full,4,35,35,70,0.0116,0.009,0.0021,1.2158825397491455,True,39659,5.6025,178.492,
spam_filter_data_1_4_2,full,5,35,35,70,0.0104,0.0078,0.0021,1.21555757522583,True,39629,5.73758,174.29,
spam_filter_data_1_4_2,full,6,35,35,70,0.0108,0.0084,0.0019,1.2156226634979248,True,39648,6.13199,163.079,
spam_filter_data_1_4_2,full,7,35,35,70,0.0116,0.0091,0.0019,1.1659626960754395,True,39311,5.88196,170.011,
spam_filter_data_1_4_2,full,8,35,35,70,0.011,0.0084,0.002,1.1655418872833252,True,39139,6.13497,163.0,
spam_filter_data_1_4_2,full,9,35,35,70,0.0118,0.0092,0.002,1.2157504558563232,True,40202,5.76182,173.556,
spam_filter_data_1_4_2,vtr,0,35,35,70,1.33,,,1.2156217098236084,True,39575,5.45267,183.396,
spam_filter_data_1_4_2,vtr,1,35,35,70,1.24,,,1.2158114910125732,True,39319,5.70604,175.253,
spam_filter_data_1_4_2,vtr,2,35,35,70,1.28,,,1.2156977653503418,True,38952,5.44429,183.679,
spam_filter_data_1_4_2,vtr,3,35,35,70,1.29,,,1.215878963470459,True,38484,5.37933,185.897,
spam_filter_data_1_4_2,vtr,4,35,35,70,1.28,,,1.2160985469818115,True,38806,5.32489,187.797,
spam_filter_data_1_4_2,vtr,5,35,35,70,1.24,,,1.2659659385681152,True,39578,5.32069,187.946,
spam_filter_data_1_4_2,vtr,6,35,35,70,1.25,,,1.1657397747039795,True,39259,5.6986,175.482,
spam_filter_data_1_4_2,vtr,7,35,35,70,1.26,,,1.215867042541504,True,39284,5.31935,187.993,
spam_filter_data_1_4_2,vtr,8,35,35,70,1.32,,,1.215989112854004,True,38330,5.47481,182.655,
spam_filter_data_1_4_2,vtr,9,35,35,70,1.24,,,1.2157063484191895,True,38994,5.61255,178.172,
spam_filter_dotProduct_1,full,0,35,35,68,0.012,0.0092,0.0023,1.4661715030670166,True,38287,7.05267,141.79,
spam_filter_dotProduct_1,full,1,35,35,68,0.0121,0.0095,0.0021,1.215662956237793,True,37971,6.89358,145.062,
spam_filter_dotProduct_1,full,2,35,35,68,0.0113,0.0085,0.0023,1.2658874988555908,True,39299,6.64662,150.452,
spam_filter_dotProduct_1,full,3,35,35,68,0.0117,0.0089,0.0022,1.2665870189666748,True,40215,6.91603,144.592,
spam_filter_dotProduct_1,full,4,35,35,68,0.0117,0.0089,0.0023,1.2156379222869873,True,39144,6.81558,146.723,
spam_filter_dotProduct_1,full,5,35,35,68,0.0116,0.0089,0.0022,1.1658737659454346,True,38704,7.0582,141.679,
spam_filter_dotProduct_1,full,6,35,35,68,0.0116,0.0089,0.0022,1.2161059379577637,True,38647,7.20977,138.701,
spam_filter_dotProduct_1,full,7,35,35,68,0.0115,0.0089,0.0021,1.2159132957458496,True,38248,7.07867,141.269,
spam_filter_dotProduct_1,full,8,35,35,68,0.0115,0.0088,0.0021,1.2162237167358398,True,38857,7.00178,142.821,
spam_filter_dotProduct_1,full,9,35,35,68,0.0114,0.0086,0.0022,1.1656317710876465,True,39279,7.34476,136.152,
spam_filter_dotProduct_1,vtr,0,35,35,68,1.18,,,1.2165136337280273,True,37508,6.79654,147.134,
spam_filter_dotProduct_1,vtr,1,35,35,68,1.12,,,1.2158868312835693,True,37648,6.93871,144.119,
spam_filter_dotProduct_1,vtr,2,35,35,68,1.28,,,1.2159597873687744,True,36637,7.08088,141.225,
spam_filter_dotProduct_1,vtr,3,35,35,68,1.14,,,1.166123867034912,True,37117,7.09992,140.847,
spam_filter_dotProduct_1,vtr,4,35,35,68,1.21,,,1.216301679611206,True,38189,6.94203,144.05,
spam_filter_dotProduct_1,vtr,5,35,35,68,1.19,,,1.165933609008789,True,37577,7.0571,141.701,
spam_filter_dotProduct_1,vtr,6,35,35,68,1.17,,,1.1658105850219727,True,36696,6.79654,147.134,
spam_filter_dotProduct_1,vtr,7,35,35,68,1.21,,,1.2160024642944336,True,37021,6.86403,145.687,
spam_filter_dotProduct_1,vtr,8,35,35,68,1.27,,,1.216294288635254,True,37549,6.94203,144.05,
spam_filter_dotProduct_1,vtr,9,35,35,68,1.25,,,1.1672766208648682,True,37960,6.94314,144.027,
stereovision0,full,0,35,35,70,0.0144,0.0098,0.0035,2.218007802963257,True,64010,4.44386,225.029,
stereovision0,full,1,35,35,70,0.0149,0.0105,0.0034,2.0670764446258545,True,64574,4.82647,207.191,
stereovision0,full,2,35,35,70,0.0139,0.0097,0.0032,2.0172975063323975,True,63030,4.58714,218.001,
stereovision0,full,3,35,35,70,0.0138,0.0095,0.0032,1.9668550491333008,True,64950,4.45604,224.415,
stereovision0,full,4,35,35,70,0.0141,0.0099,0.0032,2.016964912414551,True,64401,4.39678,227.439,
stereovision0,full,5,35,35,70,0.0141,0.0097,0.0033,2.017195463180542,True,62806,4.43944,225.254,
stereovision0,full,6,35,35,70,0.015,0.0107,0.0032,2.0670666694641113,True,63559,4.67869,213.735,
stereovision0,full,7,35,35,70,0.0141,0.0096,0.0035,2.0174078941345215,True,63540,4.45493,224.47,
stereovision0,full,8,35,35,70,0.0151,0.0108,0.0033,1.9672956466674805,True,64138,4.42615,225.93,
stereovision0,full,9,35,35,70,0.014,0.0098,0.0032,2.0672686100006104,True,63910,4.86927,205.37,
stereovision0,vtr,0,35,35,70,3.3,,,2.017550468444824,True,64184,3.79173,263.732,
stereovision0,vtr,1,35,35,70,3.22,,,2.0169732570648193,True,63631,3.64071,274.672,
stereovision0,vtr,2,35,35,70,3.31,,,2.0674712657928467,True,65194,3.576,279.642,
stereovision0,vtr,3,35,35,70,3.15,,,2.017624855041504,True,63489,3.80059,263.117,
stereovision0,vtr,4,35,35,70,3.11,,,2.067376136779785,True,62832,3.68946,271.042,
stereovision0,vtr,5,35,35,70,3.16,,,2.0179734230041504,True,62479,3.76982,265.265,
stereovision0,vtr,6,35,35,70,3.23,,,2.0675442218780518,True,65256,3.93612,254.058,
stereovision0,vtr,7,35,35,70,3.36,,,2.0676140785217285,True,64475,3.60155,277.658,
stereovision0,vtr,8,35,35,70,3.29,,,2.0680181980133057,True,64323,3.79788,263.305,
stereovision0,vtr,9,35,35,70,3.13,,,2.0173754692077637,True,63913,3.63165,275.357,
hetero_placer,full,0,100,100,176,0.1392,0.0986,0.0273,27.36451768875122,True,825788,10.909,91.6677,
hetero_placer,full,1,100,100,176,0.1365,0.095,0.0283,20.349897623062134,True,824963,10.7651,92.8923,
hetero_placer,full,2,100,100,176,0.133,0.093,0.0269,19.999209880828857,True,830519,10.8907,91.8213,
hetero_placer,full,3,100,100,176,0.1365,0.0958,0.0274,19.99957275390625,True,803575,11.4638,87.2309,
hetero_placer,full,4,100,100,176,0.1323,0.0916,0.0277,19.497983932495117,True,806523,11.0462,90.5291,
hetero_placer,full,5,100,100,176,0.1351,0.094,0.0277,19.650041103363037,True,808936,10.8367,92.2787,
hetero_placer,full,6,100,100,176,0.1346,0.0947,0.027,20.49715566635132,True,837864,10.6921,93.5266,
hetero_placer,full,7,100,100,176,0.1307,0.0905,0.0272,20.352200508117676,True,839101,11.4904,87.0292,
hetero_placer,full,8,100,100,176,0.1318,0.0917,0.0271,19.548274040222168,True,823160,11.4583,87.2731,
hetero_placer,full,9,100,100,176,0.1378,0.0963,0.0274,19.54736614227295,True,810885,11.3327,88.24,
hetero_placer,vtr,0,100,100,176,44.57,,,19.598762035369873,True,699722,9.22563,108.394,
hetero_placer,vtr,1,100,100,176,45.55,,,19.79856538772583,True,746508,10.051,99.4928,
hetero_placer,vtr,2,100,100,176,45.77,,,19.244712591171265,True,749870,9.80402,101.999,
hetero_placer,vtr,3,100,100,176,45.3,,,19.04542636871338,True,692713,9.57312,104.459,
hetero_placer,vtr,4,100,100,176,46.77,,,19.99496555328369,True,754010,9.93038,100.701,
hetero_placer,vtr,5,100,100,176,44.43,,,19.497984409332275,True,706610,9.77881,102.262,
hetero_placer,vtr,6,100,100,176,45.26,,,19.646758556365967,True,704941,9.51604,105.086,
hetero_placer,vtr,7,100,100,176,44.32,,,19.447330236434937,True,700049,9.28782,107.668,
hetero_placer,vtr,8,100,100,176,45.68,,,19.600170373916626,True,704341,9.57644,104.423,
hetero_placer,vtr,9,100,100,176,44.1,,,19.24796986579895,True,749172,9.91655,100.841,
LU32PEEng,full,0,100,100,174,0.1421,0.0978,0.031,29.265395879745483,True,912920,78.7749,12.6944,
LU32PEEng,full,1,100,100,174,0.1411,0.0964,0.0314,21.599488973617554,True,910633,78.8888,12.6761,
LU32PEEng,full,2,100,100,174,0.1425,0.0985,0.031,21.85014581680298,True,914345,79.2759,12.6142,
LU32PEEng,full,3,100,100,174,0.1377,0.0931,0.0314,21.40166687965393,True,911007,79.6406,12.5564,
LU32PEEng,full,4,100,100,174,0.1457,0.1013,0.0312,22.000010013580322,True,911484,79.6599,12.5534,
LU32PEEng,full,5,100,100,174,0.1416,0.0944,0.034,21.902026653289795,True,912128,79.5161,12.5761,
LU32PEEng,full,6,100,100,174,0.1419,0.0947,0.0342,22.002097368240356,True,913320,79.4403,12.5881,
LU32PEEng,full,7,100,100,174,0.1344,0.0905,0.0308,21.953973293304443,True,908685,78.9734,12.6625,
LU32PEEng,full,8,100,100,174,0.1371,0.0932,0.031,21.70111632347107,True,911297,80.2475,12.4614,
LU32PEEng,full,9,100,100,174,0.1395,0.0951,0.0316,21.55115818977356,True,914201,79.952,12.5075,
LU32PEEng,vtr,0,100,100,174,49.79,,,21.252737760543823,True,833174,80.8552,12.3678,
LU32PEEng,vtr,1,100,100,174,50.41,,,21.400035858154297,True,835818,82.5382,12.1156,
LU32PEEng,vtr,2,100,100,174,50.52,,,21.101444244384766,True,842275,81.4633,12.2755,
LU32PEEng,vtr,3,100,100,174,49.97,,,21.352638006210327,True,852708,80.9117,12.3592,
LU32PEEng,vtr,4,100,100,174,51.48,,,20.99967074394226,True,845268,81.8498,12.2175,
LU32PEEng,vtr,5,100,100,174,48.87,,,20.89793586730957,True,831649,81.9556,12.2017,
LU32PEEng,vtr,6,100,100,174,48.52,,,21.30174469947815,True,839267,80.7753,12.38,
LU32PEEng,vtr,7,100,100,174,51.13,,,21.100409269332886,True,829922,81.1161,12.328,
LU32PEEng,vtr,8,100,100,174,48.21,,,21.100284099578857,True,837052,80.5924,12.4081,
LU32PEEng,vtr,9,100,100,174,48.79,,,20.999303817749023,True,843326,80.2524,12.4607,
mcml,full,0,100,100,112,0.131,0.0884,0.0347,22.95673894882202,True,568819,59.92,16.6889,
mcml,full,1,100,100,112,0.1318,0.0891,0.0348,18.44538187980652,True,573777,60.3924,16.5584,
mcml,full,2,100,100,112,0.1344,0.0914,0.0351,18.547107696533203,True,559890,60.575,16.5085,
mcml,full,3,100,100,112,0.1304,0.0878,0.035,18.093822240829468,True,549816,60.2003,16.6112,
mcml,full,4,100,100,112,0.1273,0.085,0.0347,18.144484281539917,True,557292,60.5015,16.5285,
mcml,full,5,100,100,112,0.1348,0.0921,0.0348,19.09748673439026,True,571008,60.604,16.5006,
mcml,full,6,100,100,112,0.1346,0.0907,0.036,17.99411153793335,True,551339,60.1817,16.6163,
mcml,full,7,100,100,112,0.1339,0.0908,0.0351,18.997323513031006,True,578458,60.2313,16.6027,
mcml,full,8,100,100,112,0.1287,0.0861,0.0349,18.44585156440735,True,561871,60.8736,16.4275,
mcml,full,9,100,100,112,0.1318,0.0889,0.035,18.445679187774658,True,559462,59.5046,16.8054,
mcml,vtr,0,100,100,112,39.21,,,17.49338173866272,True,494416,61.442,16.2755,
mcml,vtr,1,100,100,112,37.9,,,17.293781995773315,True,486505,62.166,16.086,
mcml,vtr,2,100,100,112,37.38,,,17.54416847229004,True,491708,61.4374,16.2767,
mcml,vtr,3,100,100,112,38.73,,,17.093695402145386,True,498357,62.2949,16.0527,
mcml,vtr,4,100,100,112,38.56,,,17.644484996795654,True,496891,61.8307,16.1732,
mcml,vtr,5,100,100,112,37.81,,,17.694686889648438,True,503327,61.0543,16.3789,
mcml,vtr,6,100,100,112,38.01,,,17.695477962493896,True,499661,62.1097,16.1005,
mcml,vtr,7,100,100,112,38.21,,,17.294437408447266,True,502320,61.8321,16.1728,
mcml,vtr,8,100,100,112,38.49,,,17.5466628074646,True,479986,62.2892,16.0541,
mcml,vtr,9,100,100,112,38.7,,,17.544750690460205,True,485133,61.2393,16.3294,
stereovision2,full,0,100,100,134,0.0771,0.0613,0.0121,16.9937801361084,True,506195,20.1937,49.5204,
stereovision2,full,1,100,100,134,0.0806,0.0649,0.012,12.13473629951477,True,514894,21.981,45.4938,
stereovision2,full,2,100,100,134,0.0751,0.0597,0.0117,12.23635196685791,True,501578,21.601,46.2942,
stereovision2,full,3,100,100,134,0.0779,0.0622,0.0119,12.137354373931885,True,505930,19.6395,50.9178,
stereovision2,full,4,100,100,134,0.0747,0.0589,0.012,12.184916496276855,True,507045,20.946,47.7419,
stereovision2,full,5,100,100,134,0.0794,0.0635,0.0122,11.984256982803345,True,516038,21.1103,47.3703,
stereovision2,full,6,100,100,134,0.0768,0.0611,0.012,12.332584142684937,True,509523,21.1501,47.2811,
stereovision2,full,7,100,100,134,0.0759,0.0605,0.0119,12.135484218597412,True,507604,20.2241,49.4458,
stereovision2,full,8,100,100,134,0.0763,0.0609,0.0117,11.633943319320679,True,492327,20.7762,48.1319,
stereovision2,full,9,100,100,134,0.0769,0.0612,0.0121,12.035252094268799,True,511596,20.3403,49.1635,
stereovision2,vtr,0,100,100,134,16.51,,,11.884141683578491,True,456007,16.2123,61.6815,
stereovision2,vtr,1,100,100,134,15.22,,,11.633594512939453,True,456089,16.8406,59.3803,
stereovision2,vtr,2,100,100,134,16.12,,,11.683751344680786,True,456687,17.0553,58.6327,
stereovision2,vtr,3,100,100,134,16.33,,,11.78478217124939,True,454443,16.9231,59.0908,
stereovision2,vtr,4,100,100,134,16.7,,,11.58345890045166,True,454155,17.6113,56.7817,
stereovision2,vtr,5,100,100,134,15.71,,,11.483670234680176,True,456879,17.1105,58.4435,
stereovision2,vtr,6,100,100,134,15.44,,,11.783990621566772,True,461026,16.8425,59.3737,
stereovision2,vtr,7,100,100,134,16.82,,,11.686656951904297,True,454471,16.1355,61.975,
stereovision2,vtr,8,100,100,134,15.83,,,11.683823823928833,True,452783,17.2711,57.9,
stereovision2,vtr,9,100,100,134,15.87,,,11.93591046333313,True,465077,16.4392,60.8301,
